ID,Name,Age,Country
1,Person_1,18,Australia
2,Person_2,21,UK
3,Person_3,21,UK
4,Person_4,57,France
5,Person_5,27,USA
6,Person_6,37,France
7,Person_7,39,Canada
8,Person_8,54,USA
9,Person_9,41,UK
10,Person_10,24,UK
11,Person_11,42,Australia
12,Person_12,42,UK
13,Person_13,30,Australia
14,Person_14,19,UK
15,Person_15,56,Canada
16,Person_16,57,UK
17,Person_17,41,Australia
18,Person_18,42,Australia
19,Person_19,35,Australia
20,Person_20,55,UK
21,Person_21,43,Australia
22,Person_22,31,Germany
23,Person_23,26,Canada
24,Person_24,27,UK
25,Person_25,38,Australia
26,Person_26,34,Canada
27,Person_27,23,UK
28,Person_28,33,Canada
29,Person_29,18,Germany
30,Person_30,36,UK
31,Person_31,53,Australia
32,Person_32,42,USA
33,Person_33,47,Australia
34,Person_34,37,UK
35,Person_35,37,Australia
36,Person_36,32,USA
37,Person_37,57,USA
38,Person_38,50,USA
39,Person_39,19,Australia
40,Person_40,27,UK
41,Person_41,50,Australia
42,Person_42,49,USA
43,Person_43,28,Germany
44,Person_44,41,USA
45,Person_45,53,France
46,Person_46,29,USA
47,Person_47,46,France
48,Person_48,52,UK
49,Person_49,18,Australia
50,Person_50,18,UK
51,Person_51,54,Australia
52,Person_52,23,France
53,Person_53,56,USA
54,Person_54,58,USA
55,Person_55,35,USA
56,Person_56,33,Australia
57,Person_57,22,USA
58,Person_58,59,UK
59,Person_59,49,UK
60,Person_60,19,USA
61,Person_61,19,Germany
62,Person_62,57,Australia
63,Person_63,59,Germany
64,Person_64,53,France
65,Person_65,56,USA
66,Person_66,29,Germany
67,Person_67,36,Australia
68,Person_68,45,France
69,Person_69,18,Australia
70,Person_70,32,Germany
71,Person_71,53,France
72,Person_72,30,Canada
73,Person_73,38,France
74,Person_74,29,Australia
75,Person_75,22,USA
76,Person_76,24,USA
77,Person_77,22,USA
78,Person_78,21,France
79,Person_79,30,France
80,Person_80,54,Canada
81,Person_81,58,USA
82,Person_82,32,Germany
83,Person_83,33,Canada
84,Person_84,38,France
85,Person_85,53,France
86,Person_86,41,Australia
87,Person_87,33,Canada
88,Person_88,31,USA
89,Person_89,39,USA
90,Person_90,23,Germany
91,Person_91,59,Australia
92,Person_92,53,Australia
93,Person_93,18,Canada
94,Person_94,49,France
95,Person_95,23,France
96,Person_96,48,USA
97,Person_97,18,USA
98,Person_98,54,Canada
99,Person_99,52,UK
100,Person_100,47,USA
